id,title,file,priority,target,role,lines,bytes,sha256
,Nestlancer AI Testing Prompt Suite v4 Max-Complete — Runbook,00-start-here/00-RUNBOOK.md,,`.,,118,8786,f5109bd155786324a627b6feacf838bca4575e2e7503c3816c9c251044dbb090
,Nestlancer Source Understanding — v4 Max-Complete Prompt Basis,00-start-here/00-SOURCE-UNDERSTANDING.md,,,,79,7513,1010c652b7b68a992938d752d2b489b782f031f30167c4ae418c8c268164313a
,Demo accounts & public-domain fixtures,00-start-here/DEMO-ACCOUNTS.md,,,,105,5688,e228f0eeb831de9219785ee52b9b7610f32ef7b4785107922a3c2f2a6f009ce8
,Completeness Audit Loop — v4,00-start-here/LOOP-COMPLETENESS-AUDIT.md,,,,47,2969,5f2f67f453da4b48e06a9affb6c52d127cc188cbd00d4560ee162907d2b144f7
A01,API Coverage Matrix — Organized verified prompts,01-coverage-matrices/API-COVERAGE-MATRIX-organized.md,,,,25,4907,5d928da416b5ae3b9afa162376c7bc397018c5d36d88e751683612f6fb4618a7
A01,API Prompt Matrix,01-coverage-matrices/API-COVERAGE-MATRIX-original.md,,,,25,8374,6ab41122db414618313011ceba9d5fbdeddef8be943aab6b691af9a01a6de1e7
,API Prompt Runbook — Nestlancer v4 Max-Complete,01-coverage-matrices/API-PROMPTS-RUNBOOK.md,,,,47,2946,6e1a48aa396e1b8d08b3f366800fb8a92d77136eee080cb7d112ddb3c01ba97f
S01,Security Coverage Matrix — Organized verified prompts,01-coverage-matrices/SECURITY-COVERAGE-MATRIX.md,,,,17,2845,4fb9b59c8dcca44ebff2981f336d9dda3b8c9eb96967b20a79d4416268c0b21a
P01,UI Coverage Matrix — Organized verified prompts,01-coverage-matrices/UI-COVERAGE-MATRIX-organized.md,,,,52,10350,440648c07576bf7614bf219f6c5e055adca0b85c8655a004bc631d3fe46cf771
P01,Nestlancer AI Testing Prompt Suite v4 — UI Coverage Matrix,01-coverage-matrices/UI-COVERAGE-MATRIX-original.md,,,,54,16523,97e1e4a2b3e83e4aa0827d4c872867f47a5c24121f8842ea68ed6c720ec537f6
,Backend controller endpoints (static regex inventory),02-source-inventories/backend-controller-endpoints.md,,,,1611,81778,cebc2b248204295c0296cdd385c7dd553a08a185bf28b88617ba1b3b1847504b
,Frontend apiServices method usage,02-source-inventories/frontend-api-method-usage.md,,,,877,25439,e2e164a70410479d693ce3a8c175fb91afe0f55f2274877f2d1394f3c87ebbb7
,Frontend control/string inventory (regex-based),02-source-inventories/frontend-control-string-inventory.md,,,,2616,75396,cfbe2adfd815163e8ef12c90efc538fcf431a458ad07ba532e8213969681e5f9
,Frontend route map (code-derived),02-source-inventories/frontend-route-map.md,,,,295,23873,6a3768464382e58f69c7a0747b65e46a041b6023b5bc2e44a07d67df016057fb
,Frontend special route handlers and middleware inventory (code-derived),02-source-inventories/frontend-special-route-handlers-and-middleware.md,,,,72,4483,35d8eec86eb44d9876159b9b0f3bd896f820ea1670e7fe06109d5d1ff01c4c1b
,OpenAPI operations by tag,02-source-inventories/openapi-operations-by-tag.md,,,,800,47073,c6f0ecd0aa125c248ad95f683ec8a62685dafefaa1d0137519870e06b00ab853
,"Source regression markers inventory (sampled, code-derived)",02-source-inventories/source-regression-markers-inventory.md,,,,179,24510,4c85994ae0a6d45dd8d33010b8ff68f80b911f68f4413c3c4a4ba0e558f83386
P01,"P01 — Marketing landing, SEO, redirects and contact intake",03-ui-prompts/01-public/P01-marketing-landing-seo.md,P2,`https://nestlancer.com` (marketing / landing),anonymous/public visitor,136,5924,a833d699c8dc422596a99951778f89e45862e2e75bd87e0b2ec5fe5dd6554525
P02,"P02 — App-host public blog, portfolio, share viewer, document verify and legal surfaces",03-ui-prompts/01-public/P02-public-app-content-share-verify.md,P2,`https://app.nestlancer.com` (app-host public surfaces),anonymous plus optional signed-in client,141,6023,2cf2d480cf984818b172d6da51e4127977877415051942507f117e3a5faf20dd
P01,Public + marketing UI prompts,03-ui-prompts/01-public/README.md,,,,12,603,6ca5817c570db3d7c81a67624eb92e4b6d8f0c611f29414ca76d399f045607ef
P03,"P03 — Client auth: signup, login, forgot/reset password, email verification and 2FA",03-ui-prompts/02-client-portal/P03-client-auth-signup-password-email-2fa.md,P0,`https://app.nestlancer.com` (client portal),anonymous/client,145,6179,0c5cb5b9aa1c399f324b8d340bf09e4ce07e855f52a806d45bcece4f68e363b1
P04,"P04 — Client shell, global chrome, nav, command palette, bell, chat dock and realtime sync",03-ui-prompts/02-client-portal/P04-client-shell-global-chrome-realtime.md,P1,`https://app.nestlancer.com` (client portal),authenticated client,144,5902,8997b392ad03fe711d4f309131f52f390b665479e574b09dfc75c685bc94b28d
P05,P05 — Client dashboard and work summary cards,03-ui-prompts/02-client-portal/P05-client-dashboard-work-summary.md,P2,`https://app.nestlancer.com` (client portal),authenticated client,122,5008,b54eee36db52348e5eb245317d55c02d0356065014f9da8cf4a94c4f4203e9e0
P06,"P06 — Client requests: list, intake wizard, detail, attachments and lifecycle",03-ui-prompts/02-client-portal/P06-client-requests-intake-detail.md,P1,`https://app.nestlancer.com` (client portal),authenticated client,136,5596,f711c89148397dabdad58dbe37df39eafc20a2a7b2a82edc3368768da72c35e5
P07,"P07 — Client quotes: list/detail, accept, decline, request changes, PDF/contract",03-ui-prompts/02-client-portal/P07-client-quotes-acceptance-documents.md,P0,`https://app.nestlancer.com` (client portal),authenticated client,131,5478,9fe8c6cec28994e8279c31c4725f403b5dc227ac5334e3c03d671d0e0578e0a4
P08,"P08 — Client projects list, new-from-quote, archive and completed views",03-ui-prompts/02-client-portal/P08-client-projects-list-new-archive.md,P2,`https://app.nestlancer.com` (client portal),authenticated client,127,5245,085e6de397c2573cdd386c72b0153af04eee5e76863691e16d11771d96f1e794
P09,"P09 — Client project detail hub: overview, progress, milestones and messages",03-ui-prompts/02-client-portal/P09-client-project-hub-core-progress-milestones-messages.md,P0,`https://app.nestlancer.com` (client portal),authenticated client,134,5603,da9a070f687297f9889a7bbce8a63a1eaf6f2c50bba788146e029499b00c0486
P10,"P10 — Client project deliverables, files, previews, approvals and file actions",03-ui-prompts/02-client-portal/P10-client-project-delivery-files-media.md,P0,`https://app.nestlancer.com` (client portal),authenticated client,130,5458,94366e79d94d1dd740483a4780adbab418ba4b0c371437a0242cc8a9e5200c90
P11,P11 — Client invoices and generated documents,03-ui-prompts/02-client-portal/P11-client-invoices-documents-verify.md,P0,`https://app.nestlancer.com` (client portal),authenticated client plus anonymous verifier,134,5544,8429653c517fd94d2275123e4756c99da46348d6ba9e1c2c7542a56fc966f93e
P12,"P12 — Client payments: overview, checkout, saved methods, offline transfer and disputes",03-ui-prompts/02-client-portal/P12-client-payments-checkout-methods-disputes.md,P0,`https://app.nestlancer.com` (client portal),authenticated client,136,5730,713444059cb880cf3d57589a71c17e2c9152dcab9057cbcf4ce1b0346cbd6dff
P13,"P13 — Client messaging: inbox, threads, project conversations, direct chat, attachments and dock",03-ui-prompts/02-client-portal/P13-client-messaging-chat-dock.md,P1,`https://app.nestlancer.com` (client portal),authenticated client,144,5767,0e85c1e8da3fdaca5a0d9cc9aef8703e8d406ce48d918821c0fba9efc307798f
P14,"P14 — Client notifications center, bell, preferences and push subscription",03-ui-prompts/02-client-portal/P14-client-notifications-preferences-push.md,P1,`https://app.nestlancer.com` (client portal),authenticated client,135,5653,f6d9ca2e98804a908d6fe108cff47ccbba3be5abeadb7a33eb73d87e44144635
P15,"P15 — Client settings, profile, security, sessions, data export and account deletion",03-ui-prompts/02-client-portal/P15-client-settings-profile-security-account.md,P0,`https://app.nestlancer.com` (client portal),authenticated client,140,5825,1d06ae7059005240a5041995b35afd917bdf66c246436b831d0d6864257e636a
P16,P16 — Client media/files library in settings,03-ui-prompts/02-client-portal/P16-client-media-files-library.md,P1,`https://app.nestlancer.com` (client portal),authenticated client,135,5535,2e151474f903eef289ddd705679c4d536e58205ca867ad01c24867c00da59e96
P17,"P17 — Client portal sweep: responsive, accessibility, offline, security and route aliases",03-ui-prompts/02-client-portal/P17-client-responsive-a11y-security-sweep.md,P1,`https://app.nestlancer.com` (client portal),authenticated client plus anonymous,128,5406,95983a51328441c646ad97250525de938eda1ab9a8e37ca43e44da642c893ac4
P03,Client portal UI prompts,03-ui-prompts/02-client-portal/README.md,,,,25,2838,21f2cde1af0e1575575ac17187f0bddfece5f22b0ff4edd3f712d7888ae6b2ff
P18,"P18 — Admin auth/operator gate, 2FA, role mismatch and session teardown",03-ui-prompts/03-admin-console/P18-admin-auth-operator-gate.md,P0,`https://admin.nestlancer.com` (admin console),operator/admin plus wrong-role client,134,5381,ef480eb9d8f334dbd31624667110dd19e8263a72f6c39de428f9dcddce3ea4ec
P19,"P19 — Admin shell/global chrome: nav, palette, notifications, messages, moderation, user menu",03-ui-prompts/03-admin-console/P19-admin-shell-global-chrome.md,P1,`https://admin.nestlancer.com` (admin console),operator/admin,139,5464,1f40e0173516ddfca8fe8eee4d2bbc03005ce4b92c15801cfb6710eadf4c6201
P20,P20 — Admin dashboard and analytics,03-ui-prompts/03-admin-console/P20-admin-dashboard-analytics.md,P1,`https://admin.nestlancer.com` (admin console),operator/admin,125,5104,69b1d0677cc8f204b789551ea975c2775d4c35e36e0356186caa83736645395d
P21,P21 — Admin contact inquiries and public contact parity,03-ui-prompts/03-admin-console/P21-admin-contact-inquiries.md,P1,`https://admin.nestlancer.com` (admin console),operator/admin,129,5152,5722b0db7c7470272327fc0a40ef7544fef4cdee9c7a7243f652a0c75a3151c7
P22,"P22 — Admin requests triage, assignment, notes, status and capacity",03-ui-prompts/03-admin-console/P22-admin-requests-capacity.md,P1,`https://admin.nestlancer.com` (admin console),operator/admin,134,5402,2a44368762323a0835c651d66f91f7285941602b3d6777ce04a05e9fa9e8750e
P23,"P23 — Admin request-to-quote builder, edit and prefill flow",03-ui-prompts/03-admin-console/P23-admin-request-to-quote-builder.md,P0,`https://admin.nestlancer.com` (admin console),operator/admin,134,5473,432085f94e87313bdf63403045468bb701d88c9541056941b60ad828def2e14a
P24,"P24 — Admin quotes list/detail, templates, line item library, payment schedules and documents",03-ui-prompts/03-admin-console/P24-admin-quotes-templates-lineitems.md,P0,`https://admin.nestlancer.com` (admin console),operator/admin,141,5637,337cf742de744bb5ebd7e46add640c66a5221e8f9733a4d6641418c0d69c686d
P25,"P25 — Admin projects list/detail overview, team, status, export and duplicate",03-ui-prompts/03-admin-console/P25-admin-projects-overview-team-export-duplicate.md,P0,`https://admin.nestlancer.com` (admin console),operator/admin,137,5603,a1d40479c9b17cec66519f87b984377d30f6aa01017b89aae8e8fd7f51e141fa
P26,"P26 — Admin project delivery, milestones/files, progress updates, analytics, portfolio bridge and time entries",03-ui-prompts/03-admin-console/P26-admin-project-delivery-progress-portfolio-time.md,P0,`https://admin.nestlancer.com` (admin console),operator/admin,133,5856,4d4e645b769f6811c0668f6c08a3d082e9add4b598b20ad2361dc447f547d22e
P27,"P27 — Admin payments overview, detail, manual payments, transfers, refunds and reconciliation",03-ui-prompts/03-admin-console/P27-admin-payments-overview-detail-manual-reconciliation.md,P0,`https://admin.nestlancer.com` (admin console),operator/admin,134,5671,349f1838be533ce203a64a44500e35f689391d9284e14d97eed1d0367b583ddf
P28,"P28 — Admin payment disputes, platform accounts and company legal profiles",03-ui-prompts/03-admin-console/P28-admin-payment-disputes-accounts-company-legal.md,P0,`https://admin.nestlancer.com` (admin console),operator/admin,131,5550,8f083f949cf40275b2ed2f532ea3541c786b3357ef4707946d8299cf4d5854f9
P29,"P29 — Admin users directory, search, filters and bulk actions",03-ui-prompts/03-admin-console/P29-admin-users-directory-search-bulk.md,P1,`https://admin.nestlancer.com` (admin console),operator/admin,133,5286,fbb129a767abc01b28fd7fc947e20c1c7b51cf87df1c25688a898124b465f857
P30,"P30 — Admin user detail: profile, role/status, password reset, sessions, export, deactivate and impersonation",03-ui-prompts/03-admin-console/P30-admin-user-detail-password-sessions-impersonation.md,P0,`https://admin.nestlancer.com` (admin console),operator/admin plus audit client,144,6484,09cb4a6637a4cf4051f33ae6c207e145358f2e78ff4368a5abae7cead23310ea
P31,"P31 — Admin audit console, security stats, user logs, impersonation sessions and export",03-ui-prompts/03-admin-console/P31-admin-audit-security-impersonation-sessions.md,P0,`https://admin.nestlancer.com` (admin console),operator/admin auditor,130,5324,6867c1a8503968da08b8a627818cfa53e8aff87dddec019f563ace35de29f58b
P32,"P32 — Admin media library: storage, detail drawer, sharing, quarantine, analytics and cleanup",03-ui-prompts/03-admin-console/P32-admin-media-storage-detail-share-quarantine-analytics.md,P1,`https://admin.nestlancer.com` (admin console),operator/admin,146,6140,13a5a93663b9f035af027c3fd6c79a522fbd709f7f1b4c318c21406a4e41bf8e
P33,"P33 — Admin messages, project/system broadcast, group/direct chat and moderation queue",03-ui-prompts/03-admin-console/P33-admin-messages-moderation.md,P1,`https://admin.nestlancer.com` (admin console),operator/admin,134,5791,7f1eb34c7007b7fd645ace0d7773c4a2485c5957928f5910bcf6c44abcb96cbe
P34,"P34 — Admin notifications: inbox, single send, broadcast, segment, delivery report and platform log",03-ui-prompts/03-admin-console/P34-admin-notifications-broadcast-segment-delivery.md,P0,`https://admin.nestlancer.com` (admin console),operator/admin,132,5837,a5b9396ee03be76f32977131cf2a4f19753dda30d8ff32e5e55a8253778e77f4
P35,"P35 — Admin system hub: health, config, features, jobs, templates, operations, logs and redirects",03-ui-prompts/03-admin-console/P35-admin-system-config-features-jobs-templates-ops.md,P0,`https://admin.nestlancer.com` (admin console),operator/admin,136,6344,14916084daa286eb56681a7608dc40d10b135361f3874c23b99b07278af6b1d8
P36,"P36 — Admin content/blog CMS: posts, editor, taxonomy, comments and analytics",03-ui-prompts/03-admin-console/P36-admin-content-blog-cms.md,P1,`https://admin.nestlancer.com` (admin console),operator/admin,140,5723,e700f14c5371643dbc81b2d2e70a61d9d44d7427d871a071294fb3d801850a90
P37,"P37 — Admin portfolio CMS: list, editor, media, categories, reorder, analytics and public parity",03-ui-prompts/03-admin-console/P37-admin-portfolio-cms.md,P1,`https://admin.nestlancer.com` (admin console),operator/admin,137,5640,8ee67ad0bc9db46d221cfe906047b5e8a1b6a5145ece139a8f86f22bf4144f66
P38,"P38 — Admin pipeline, user/project hubs, integrations/webhooks, API keys alias and reports gap",03-ui-prompts/03-admin-console/P38-admin-pipeline-integrations-webhooks-reports.md,P1,`https://admin.nestlancer.com` (admin console),operator/admin,141,6235,e92c78b9418f54a7e0cff200915da781d4a193c885ede5ae772e2dd64823945a
P41,P41 — Admin operator profile and self-account surface,03-ui-prompts/03-admin-console/P41-admin-operator-profile.md,P1,`https://admin.nestlancer.com` (admin console),operator/admin,108,5335,73b65fdf319690f311084f95a15ad2dd0f65de9900794020b0689e7ed3de4a2e
P18,Admin console UI prompts,03-ui-prompts/03-admin-console/README.md,,,,32,4217,5eddb459a1b9cc7607a8585e972a276a16c5dfd2cc8c07a8b47ebae91b4c77c8
P39,P39 — Cross-portal end-to-end workflows and backend/UI parity,03-ui-prompts/04-cross-portal-regression-platform/P39-cross-portal-end-to-end-workflows.md,P0,`https://nestlancer.com` + `https://app.nestlancer.com` + `https://admin.nestlancer.com`,client + operator/admin,129,6035,6c3efb1f24bc4cc7a4119dcd6ee90c0cedd312cfec707de6851b2957c1241b7a
P40,"P40 — Full regression sweep: responsive, accessibility, performance, offline, security and coverage closure",03-ui-prompts/04-cross-portal-regression-platform/P40-full-regression-responsive-a11y-performance.md,P1,`https://nestlancer.com` + `https://app.nestlancer.com` + `https://admin.nestlancer.com`,client/admin/anonymous,134,6017,843d73d21267311769abeaaa15d2d6905ca9a6a615677363e491139269678807
P42,"P42 — Source coverage reconciliation: routes, controls, API usage and backend endpoint gaps",03-ui-prompts/04-cross-portal-regression-platform/P42-source-coverage-reconciliation.md,P0,`https://nestlancer.com` + `https://app.nestlancer.com` + `https://admin.nestlancer.com`,QA lead / coverage auditor,129,7180,4b64df5028f9ebc3d8a9c65885ecc04a907fa10e020e10af2b9224fb449438af
P43,"P43 — Frontend middleware, BFF route handlers, same-origin API proxy, CSP and hard 404s",03-ui-prompts/04-cross-portal-regression-platform/P43-frontend-middleware-bff-proxy-csp-hard-404s.md,P0,`https://nestlancer.com` + `https://app.nestlancer.com` + `https://admin.nestlancer.com`,Browser QA + platform edge/middleware auditor,158,9733,b93952b6def938bfd2666f82368ef780bea002211595a12674ab16d00e4b7df4
P44,"P44 — Debug panels, diagnostics, telemetry and secret/PII leakage sweep",03-ui-prompts/04-cross-portal-regression-platform/P44-debug-observability-diagnostics-and-secret-leakage.md,P0,`https://nestlancer.com` + `https://app.nestlancer.com` + `https://admin.nestlancer.com`,Security-minded QA / observability auditor,140,8677,0e65d9483e3ba6b6f698e54959451ba5bd9fa4293b6b844b40f613c05427b396
P45,P45 — Known regression rerun and automated e2e parity sweep,03-ui-prompts/04-cross-portal-regression-platform/P45-known-regression-rerun-and-automated-test-parity.md,P0,`https://nestlancer.com` + `https://app.nestlancer.com` + `https://admin.nestlancer.com`,Regression QA lead,151,9021,d5792cd513bcdcf9fa8e55df1753bc7592260ad4aaab05d3c6d0005384de7ce2
P46,"P46 — Demo seed fixtures, audit records and destructive-flow readiness",03-ui-prompts/04-cross-portal-regression-platform/P46-demo-seed-fixtures-and-destructive-flow-readiness.md,P0,`https://nestlancer.com` + `https://app.nestlancer.com` + `https://admin.nestlancer.com`,Test data steward + QA operator,150,9575,c96877aad0fefecf865f55b486361560401b6aa18077a4c4d424ff8c0a6b15e9
P47,"P47 — Generated documents, emails, exports and downloadable artifacts",03-ui-prompts/04-cross-portal-regression-platform/P47-generated-documents-emails-exports-and-download-artifacts.md,P1,`https://nestlancer.com` + `https://app.nestlancer.com` + `https://admin.nestlancer.com`,Document/email QA + artifact integrity auditor,144,9170,1deec14cc95c7afd7bd59328c32bfa295009083902e3c6fcfa294c8a0cddfd5a
P39,Cross-portal/regression/platform UI prompts,03-ui-prompts/04-cross-portal-regression-platform/README.md,,,,18,1901,93327774adee00740bcee559edf8df701cd159fb39554d2d8f32015c60550ecb
A01,"A01 — Auth, sessions, 2FA, reset tokens and portal role boundaries",04-api-prompts/01-domain-api/A01-auth--sessions--2fa--reset-tokens-and-portal-role-boundaries.md,P0,`https://api.nestlancer.com/api/v1`,,96,4750,fa83c55e33a255476dbca2d9f0395dd331dd458046f6007916e1382d85c9d148
A02,"A02 — Users self-service profile, preferences, security, export and deletion",04-api-prompts/01-domain-api/A02-users-self-service-profile--preferences--security--export-and-deletion.md,P0,`https://api.nestlancer.com/api/v1`,,94,4299,a43b93a250aa96687da6f5130036d34c3bdce42c7d5f6c209211e3179c3ef26e
A03,"A03 — Requests, service catalogue and admin request triage APIs",04-api-prompts/01-domain-api/A03-requests--service-catalogue-and-admin-request-triage-apis.md,P1,`https://api.nestlancer.com/api/v1`,,95,4292,6bc5d2440a7f8a09b73c911121313a2205ad290efbd394c9793b059e2c05ce90
A04,"A04 — Quotes, quote documents, templates, line items and schedules",04-api-prompts/01-domain-api/A04-quotes--quote-documents--templates--line-items-and-schedules.md,P0,`https://api.nestlancer.com/api/v1`,,93,4252,45fdeada6c51c7503e81182a7818295a74a370f171bf48319b3a08d9f9893858
A05,"A05 — Projects, progress, milestones, deliverables and public project APIs",04-api-prompts/01-domain-api/A05-projects--progress--milestones--deliverables-and-public-project-apis.md,P0,`https://api.nestlancer.com/api/v1`,,93,4507,a30a48b7a20e794bc650e1b558b3fd04697582bd2514e57b890eba07eda222e5
A06,"A06 — Payments, invoices, payment methods, offline transfers, disputes and documents",04-api-prompts/01-domain-api/A06-payments--invoices--payment-methods--offline-transfers--disputes-and-d.md,P0,`https://api.nestlancer.com/api/v1`,,99,4583,8491581f80b569725139354077eaa10889994e6f5602d5857897faf17c4d6372
A07,"A07 — Messaging, chat threads, moderation and websocket events",04-api-prompts/01-domain-api/A07-messaging--chat-threads--moderation-and-websocket-events.md,P1,`https://api.nestlancer.com/api/v1`,,90,4035,dac8523989ada24ade76024cbcab0fa191d286f9043dc14353602a7d14f6f9a3
A08,"A08 — Notifications, preferences, push subscriptions, templates and delivery",04-api-prompts/01-domain-api/A08-notifications--preferences--push-subscriptions--templates-and-delivery.md,P1,`https://api.nestlancer.com/api/v1`,,92,4278,44f39a73d3854ac2c2b7aaec6814a11b5aa2a850807e351a09dea8d87351e378
A09,"A09 — Media uploads, chunking, sharing, public share and admin media",04-api-prompts/01-domain-api/A09-media-uploads--chunking--sharing--public-share-and-admin-media.md,P1,`https://api.nestlancer.com/api/v1`,,92,4337,704d64ed8ff321cf750e0470403aee233c81c070cf4e15192b5156cdb919aa47
A10,"A10 — Blog, comments, taxonomy, portfolio, contact and public content APIs",04-api-prompts/01-domain-api/A10-blog--comments--taxonomy--portfolio--contact-and-public-content-apis.md,P1,`https://api.nestlancer.com/api/v1`,,95,4463,0eb972f79c1eaff4b51e167b5d0f061e5b49c958a4492ddab04defb32ca5235f
A11,"A11 — Admin dashboard, analytics, audit, reports, health and system operations",04-api-prompts/01-domain-api/A11-admin-dashboard--analytics--audit--reports--health-and-system-operatio.md,P0,`https://api.nestlancer.com/api/v1`,,95,4296,b1d8afaaff2f59b94ac8bf95f536fb6f2f2510559243641ec8a4a9aaa43bbfbd
A12,"A12 — Admin users, roles, sessions, password reset, export, restore and impersonation APIs",04-api-prompts/01-domain-api/A12-admin-users--roles--sessions--password-reset--export--restore-and-impe.md,P0,`https://api.nestlancer.com/api/v1`,,95,4200,fc30e94cf0bb94ce01fcaf7c5da80fd30a1c06bc9c78dda1517ce280e6adc774
A13,"A13 — Admin domain operations: requests, quotes, projects, progress, service packages and time entries",04-api-prompts/01-domain-api/A13-admin-domain-operations--requests--quotes--projects--progress--service.md,P0,`https://api.nestlancer.com/api/v1`,,91,4238,4cb5a634e9dec05619e7bb9dc96a11bf59cad3ed6c6c0c2ec7a60d9f0c9c610c
A14,"A14 — Admin payments, disputes, accounts, legal profiles, reconciliation and revenue APIs",04-api-prompts/01-domain-api/A14-admin-payments--disputes--accounts--legal-profiles--reconciliation-and.md,P0,`https://api.nestlancer.com/api/v1`,,96,4201,3a5e66325c77129ef952038d92bf2df3078d1b4fcb8b8430911374018c1f2587
A15,"A15 — Admin messaging, moderation, notifications, media/content/portfolio and integrations APIs",04-api-prompts/01-domain-api/A15-admin-messaging--moderation--notifications--media-content-portfolio-an.md,P1,`https://api.nestlancer.com/api/v1`,,92,4143,e41a0261dd95b6e6a4fcc9a9013ff36d2883aa9af2d1de783db1d175d086716e
A16,"A16 — Health, inbound webhooks, workers, websocket gateway and deployment smoke",04-api-prompts/01-domain-api/A16-health--inbound-webhooks--workers--websocket-gateway-and-deployment-sm.md,P1,`https://api.nestlancer.com/api/v1`,,96,4614,2d3d04246b2b7d8364d395c326636834855aeed09ba2a118e7a9fe648a9d6037
A01,Domain API/backend prompts,04-api-prompts/01-domain-api/README.md,,,,30,4356,e6c474e335ef8eebadf31719c81a07feb74e5fa909dc2f0e5b9d3775b20ea6a4
A17,"A17 — Frontend BFF, same-origin proxy, auth cookies and CSP contracts",04-api-prompts/02-platform-backend/A17-frontend-bff-same-origin-proxy-auth-cookies-and-csp-contracts.md,P0,`https://api.nestlancer.com/api/v1`,,137,7472,ff7076ad1fbcf8fcd8aaa57aae2b937dabef8d6969e0eafe7aceed2fc6156286
A18,"A18 — Backend cross-cutting platform contracts: security, cache, idempotency, validation and errors",04-api-prompts/02-platform-backend/A18-backend-cross-cutting-platform-contracts-security-cache-idempotency.md,P0,`https://api.nestlancer.com/api/v1`,,153,8137,f85741575b28e779bffecdec0be08ceb0af89ea280e5024c96bd1d22e3c5248d
A19,"A19 — Workers, outbox, documents, email, notification, media, export and webhook side effects",04-api-prompts/02-platform-backend/A19-workers-outbox-documents-email-notification-media-export-and-webhook-side-effects.md,P0,`https://api.nestlancer.com/api/v1`,,150,8146,a5a7b12d911a17a357913eab9fd80ed9146bd4762fe7ef140329e288f8387208
A20,"A20 — Demo seed data, scripts and fixture readiness",04-api-prompts/02-platform-backend/A20-demo-seed-data-scripts-and-fixture-readiness.md,P0,`https://api.nestlancer.com/api/v1`,,163,8159,d6b01912f00e3c0d8ae24808cd2db666ca6015703de419dd8e7cd12c96fa27db
A17,Platform/backend deep prompts,04-api-prompts/02-platform-backend/README.md,,,,12,1137,004baab0ad42a846e59d2e7c74d2ec2d7dfd317cbf65d1a815bfd6c5345cd7db
P01,Final coverage validation — v4 Max-Complete,05-validation/FINAL-COVERAGE-VALIDATION.md,,,,68,4051,8a49a9455e3e565789b3584ebb6d0b49a3bf070916ade538d246e4d0fd999a15
,Organization Validation,05-validation/ORGANIZATION-VALIDATION.md,,,,25,539,7497296f9bde6d25f97c86203b115d6df9903ff405b808b8a50ed0b9ab285538
,Security Runbook — Authorized defensive testing only,06-security-prompts/00-SECURITY-RUNBOOK.md,,,,104,6301,dc6433e011f9d154902d408bd1648005011e835224cbf95bd4d10ddc3a852a84
S01,Security prompts,06-security-prompts/README.md,,`https://nestlancer.com` · `https://app.nestlancer.com` · `https://admin.nestlancer.com` · `https://api.nestlancer.com`,,24,2850,7f0c088c884b2649ff968ea57b0f4781d7da661d80819397167d0d35a585af38
S01,S01 — Threat model and application attack-surface mapping,06-security-prompts/S01-threat-model-and-attack-surface.md,P0,`https://nestlancer.com` · `https://app.nestlancer.com` · `https://admin.nestlancer.com` · `https://api.nestlancer.com`,,62,3122,0618e40bacd10a1cc72ebe5f9ec6ac7b57fed9b6af0a3926e526bee21cc21771
S02,"S02 — Authentication, session security, access control and IDOR",06-security-prompts/S02-auth-session-access-control-and-idor.md,P0,`https://nestlancer.com` · `https://app.nestlancer.com` · `https://admin.nestlancer.com` · `https://api.nestlancer.com`,,50,2443,6c7fc0c468065b17350e23a03223911f9290ea36d7d582102ee493e2dfca5106
S03,"S03 — Input validation, injection, XSS, CSRF and open redirect testing",06-security-prompts/S03-input-validation-injection-xss-csrf-and-open-redirect.md,P0,`https://nestlancer.com` · `https://app.nestlancer.com` · `https://admin.nestlancer.com` · `https://api.nestlancer.com`,,49,2607,5f2a253ad02996fda6b31e62cd98887ba1d9fbfde9ec7e6ad7c54d5f9abf2eb4
S04,"S04 — API abuse, rate limits, replay, idempotency and business-logic security",06-security-prompts/S04-api-abuse-rate-limit-replay-and-business-logic.md,P0,`https://nestlancer.com` · `https://app.nestlancer.com` · `https://admin.nestlancer.com` · `https://api.nestlancer.com`,,48,2352,e23804c2f2eda12e388d641ac965a66400231ef31ab4844ea807a283f51e8f59
S05,"S05 — File upload, media, document and export security",06-security-prompts/S05-file-upload-media-document-and-export-security.md,P0,`https://nestlancer.com` · `https://app.nestlancer.com` · `https://admin.nestlancer.com` · `https://api.nestlancer.com`,,46,2155,29c8f168f4554ad2985ec77a5be937e56e3cead50b4cd473cc6f38a58bf218af
S06,"S06 — Payments, webhooks and financial-fraud security",06-security-prompts/S06-payments-webhooks-and-financial-fraud-security.md,P0,`https://nestlancer.com` · `https://app.nestlancer.com` · `https://admin.nestlancer.com` · `https://api.nestlancer.com`,,46,2185,b97b82047c70af090d76d9ab9abd66618a51669b48488b1d1ba3fc478f16825d
S07,"S07 — Data privacy, PII, secrets, logging and debug leakage",06-security-prompts/S07-data-privacy-pii-secrets-logging-and-debug-leakage.md,P0,`https://nestlancer.com` · `https://app.nestlancer.com` · `https://admin.nestlancer.com` · `https://api.nestlancer.com`,,45,2092,326ae522520a6c59c0e8d9339330354c79e4848c4c28f9981de5d96462b18f50
S08,"S08 — Browser/platform security: headers, CSP, CORS, cache and redirects",06-security-prompts/S08-browser-platform-security-headers-csp-cors-cache.md,P1,`https://nestlancer.com` · `https://app.nestlancer.com` · `https://admin.nestlancer.com` · `https://api.nestlancer.com`,,45,1916,1f98f156555e5eeed2ae68df0d277480810628b61c79b48daf3a8d89c166bc01
S09,"S09 — Realtime, messaging, notification and content-abuse security",06-security-prompts/S09-realtime-messaging-notification-and-content-abuse-security.md,P1,`https://nestlancer.com` · `https://app.nestlancer.com` · `https://admin.nestlancer.com` · `https://api.nestlancer.com`,,46,2070,1061b93755602e67f4cb3d318c4018458b51670db7ebd4aae7a5392adaed587a
S10,"S10 — Integrations, webhook SSRF and outbound-delivery security",06-security-prompts/S10-integrations-webhook-ssrf-and-outbound-security.md,P0,`https://nestlancer.com` · `https://app.nestlancer.com` · `https://admin.nestlancer.com` · `https://api.nestlancer.com`,,45,1999,aee5ebde83521ee8b6bec2222e13da19debb25c31f878120cfbc6f0ee1254c00
S11,"S11 — Admin system operations, supply-chain and configuration security",06-security-prompts/S11-admin-system-operations-supply-chain-and-config-security.md,P1,`https://nestlancer.com` · `https://app.nestlancer.com` · `https://admin.nestlancer.com` · `https://api.nestlancer.com`,,45,2110,92d666a44d637e50772985c08fe35aac1041481a982a38a28af0e30f7de75612
S12,S12 — AI-era prompt-injection and untrusted-content resilience,06-security-prompts/S12-ai-era-prompt-injection-and-untrusted-content-resilience.md,P1,`https://nestlancer.com` · `https://app.nestlancer.com` · `https://admin.nestlancer.com` · `https://api.nestlancer.com`,,48,2806,b2e7bb893e16ca5b1a86751f5fd23cef0f66820689ac936bf23c9f439b5db735
,ALL PROMPTS INDEX,ALL-PROMPTS-INDEX.md,,,,128,19953,b1d8d22572946b074feb8f4c2df629014a318a225c130ff5a7e81dfa13dd2017
,MANIFEST,MANIFEST.md,,,,115,16139,6150c5a9f63eeeb193b69f80bc36eadc8d98e36503ef5e628e70258dd26da3b3
,Verified Prompts — Nestlancer v4 Max-Complete + Security,README.md,,"` line. Every API/security prompt carries `**API base URL:**` / `**Target hosts:**`. Demo logins live in [`00-start-here/DEMO-ACCOUNTS.md`](00-start-here/DEMO-ACCOUNTS.md). If the session uses a demo/staging override, record the actual origins in the evidence preamble and keep the same path map.",,73,5934,4b3f5cfc09ecf905b65d6863ddc1b79de493a624b1a10ee8632be69f89db0974
